<?xml version="1.0" encoding="UTF-8"?>
<beans xmlns="http://www.springframework.org/schema/beans"
       xmlns:xsi="http://www.w3.org/2001/XMLSchema-instance"
       xmlns:aop="http://www.springframework.org/schema/aop"
       xmlns:tx="http://www.springframework.org/schema/tx"
       xmlns:context="http://www.springframework.org/schema/context"
       xsi:schemaLocation="
		http://www.springframework.org/schema/beans
		http://www.springframework.org/schema/beans/spring-beans-3.0.xsd
		http://www.springframework.org/schema/aop
		http://www.springframework.org/schema/aop/spring-aop-3.0.xsd
		http://www.springframework.org/schema/tx
		http://www.springframework.org/schema/tx/spring-tx-3.0.xsd
		http://www.springframework.org/schema/context
		http://www.springframework.org/schema/context/spring-context-3.0.xsd">

    <!-- 包扫描 -->
    <context:component-scan base-package="com.niudada.service,com.niudada.utils"/>

    <!-- spring整合mybatis的配置 -->
    <!-- 第一步：加载外部配置文件db.properties -->
    <context:property-placeholder location="classpath:db.properties"/>

    <!-- 第二步：配置数据源（使用的是dpcp2数据源） -->
    <bean id="dataSource" class="org.apache.commons.dbcp2.BasicDataSource">
        <property name="url" value="${jdbc.url}"/>
        <property name="driverClassName" value="${jdbc.driver}"/>
        <property name="username" value="${jdbc.username}"/>
        <property name="password" value="${jdbc.password}"/>
    </bean>

    <!-- 第三步：配置SqlSessionFactory工厂 -->
    <bean id="sqlSessionFactory" class="org.mybatis.spring.SqlSessionFactoryBean">
        <!-- 注入数据源 -->
        <property name="dataSource" ref="dataSource"/>
        <!-- 指定mybatis的核心配置文件 -->
        <property name="configLocation" value="classpath:mybatis-config.xml"/>
        <!-- 指定mapper映射文件的位置 -->
        <property name="mapperLocations">
            <list>
                <value>classpath:com/niudada/dao/*.xml</value>
            </list>
        </property>
        <!-- 配置分页插件 -->
        <property name="plugins">
            <array>
                <bean class="com.github.pagehelper.PageInterceptor">
                    <property name="properties">
                        <value>
                            helperDialect=mysql
                        </value>
                    </property>
                </bean>
            </array>
        </property>
    </bean>

    <!-- 第四步：配置扫描dao接口（在此处指定dao接口后，那么在包扫描时则不需要扫描dao包） -->
    <bean class="org.mybatis.spring.mapper.MapperScannerConfigurer">
        <property name="basePackage" value="com.niudada.dao"/>
        <property name="sqlSessionFactoryBeanName" value="sqlSessionFactory"/>
    </bean>
</beans>