<?xml version="1.0" encoding="UTF-8"?>
<beans xmlns="http://www.springframework.org/schema/beans"
       xmlns:xsi="http://www.w3.org/2001/XMLSchema-instance"
       xmlns:context="http://www.springframework.org/schema/context"
       xmlns:aop="http://www.springframework.org/schema/aop"
       xmlns:mvc="http://www.springframework.org/schema/mvc"
       xsi:schemaLocation="http://www.springframework.org/schema/beans
			    http://www.springframework.org/schema/beans/spring-beans.xsd
			    http://www.springframework.org/schema/context
			    http://www.springframework.org/schema/context/spring-context.xsd
			    http://www.springframework.org/schema/aop
			    http://www.springframework.org/schema/aop/spring-aop.xsd
			    http://www.springframework.org/schema/mvc
			    http://www.springframework.org/schema/mvc/spring-mvc.xsd">

    <!-- 包扫描 -->
    <context:component-scan base-package="com.niudada.controller"/>

    <!-- 配置自定义的日期格式转换器 -->
    <bean id="conversionService" class="org.springframework.format.support.FormattingConversionServiceFactoryBean">
        <property name="converters">
            <set>
                <bean class="com.niudada.utils.DateConverter"/>
            </set>
        </property>
    </bean>

    <!-- 开启springmvc对注解的支持 -->
    <mvc:annotation-driven conversion-service="conversionService">
        <!-- 消息转换器 -->
        <mvc:message-converters>
            <bean class="org.springframework.http.converter.json.MappingJackson2HttpMessageConverter">
                <property name="objectMapper">
                    <bean class="com.fasterxml.jackson.databind.ObjectMapper">
                        <property name="dateFormat">
                            <!-- 这里只会对json数据中的日期格式化 -->
                            <bean class="java.text.SimpleDateFormat">
                                <constructor-arg type="java.lang.String" value="yy-MM-dd HH:mm:ss"/>
                            </bean>
                        </property>
                    </bean>
                </property>
            </bean>
        </mvc:message-converters>
    </mvc:annotation-driven>

    <!-- 静态资源过滤 -->
    <mvc:default-servlet-handler/>

    <!-- 配置视图解析器 -->
    <bean class="org.springframework.web.servlet.view.InternalResourceViewResolver">
        <property name="prefix" value="/WEB-INF/page/"/>
        <property name="suffix" value=".jsp"/>
    </bean>
    
    <!-- 拦截器 -->
    <mvc:interceptors>
        <!-- 项目路径拦截器 -->
        <mvc:interceptor>
            <!-- /*会拦截所有文件夹(路径)但是不会拦截子文件夹 /**会拦截所有文件夹(路径)和子文件夹 -->
            <mvc:mapping path="/**/*"/>
            <bean class="com.niudada.utils.PathInterceptor"/>
        </mvc:interceptor>

        <!-- 权限拦截器 -->
        <mvc:interceptor>
            <!-- 拦截所有请求路径 -->
            <mvc:mapping path="/**/*"/>
            <mvc:exclude-mapping path="/login"/>
            <mvc:exclude-mapping path="/logout"/>
            <mvc:exclude-mapping path="/captcha/*"/>
            <mvc:exclude-mapping path="/static/**"/>
            <bean class="com.niudada.utils.PermissionInterceptor"/>
        </mvc:interceptor>
    </mvc:interceptors>

</beans>